{"_generator":"LifterLMS/SingleCourseExporter","_version":"3.19.2","access_plans":[{"access_expiration":"lifetime","access_expires":"","access_length":0,"access_period":"","availability":"open","availability_restrictions":[],"content":"","date":"2018-05-30 20:26:38","enroll_text":"","excerpt":"","frequency":0,"id":19164,"is_free":"yes","length":0,"menu_order":1,"modified":"2018-05-31 15:29:30","name":"start-today","on_sale":"no","period":"","price":0,"product_id":19145,"sale_end":"","sale_price":0,"sale_start":"","sku":"","status":"publish","title":"Start Today!","trial_length":0,"trial_offer":"no","trial_period":"","trial_price":0,"type":"llms_access_plan"}],"audio_embed":"","average_grade":97.06,"average_progress":31.91,"capacity":0,"capacity_message":"Enrollment has closed because the maximum number of allowed students has been reached.","categories":["Beginner","Featured"],"content":"In this free course, you will discover how <a href=\"https://lifterlms.com\">LifterLMS</a> empowers you to easily create, sell and protect engaging online courses from your WordPress powered website.\r\n\r\nBy taking this course you will be able to quickly build and launch your first course with <a href=\"https://lifterlms.com\">LifterLMS</a>.\r\n\r\nFor best results follow along with Chris and build your course side by side with him.","content_restricted_message":"You must enroll in this course to access course content.","course_closed_message":"This course closed on [lifterlms_course_info id=\"19145\" key=\"end_date\"].","course_opens_message":"This course opens on [lifterlms_course_info id=\"19145\" key=\"start_date\"].","custom":{"_llms_post_course_difficulty":[""],"_thumbnail_id":["15"],"_llms_reviews_enabled":[""],"_llms_display_reviews":[""],"_llms_num_reviews":[""],"_llms_multiple_reviews_disabled":[""],"wpf-settings":["a:5:{s:8:\"redirect\";s:0:\"\";s:12:\"redirect_url\";s:0:\"\";s:11:\"apply_delay\";s:1:\"0\";s:16:\"apply_tags_start\";a:1:{i:0;s:31:\"[Lead Magnet] Quickstart Course\";}s:12:\"lock_content\";i:0;}"],"course_options":[""],"launchpad_course_excerpt":[""],"layout_options":[""],"launchpad_page_menu":["default"],"launchpad_hide_page_title":["no"],"launchpad_hide_page_header":["no"],"launchpad_hide_page_footer_widgets":["no"],"launchpad_default_layout":["content_sidebar"],"launchpad_header_content":[""],"_wp_old_slug":["quickstart"]},"date":"2018-05-30 19:23:14","difficulty":"","enable_capacity":"no","end_date":"","enrollment_closed_message":"Enrollment in this course closed on [lifterlms_course_info id=\"19145\" key=\"enrollment_end_date\"].","enrollment_end_date":"","enrollment_opens_message":"Enrollment in this course opens on [lifterlms_course_info id=\"19145\" key=\"enrollment_start_date\"].","enrollment_period":"no","enrollment_start_date":"","excerpt":"","featured_image":"https://demo.lifterlms.com/wp-content/uploads/2015/02/lms-course-image-1.png","has_prerequisite":"no","id":19145,"length":"1 Day","menu_order":0,"modified":"2018-05-31 15:29:30","name":"how-to-build-a-learning-management-system-with-lifterlms","permalink":"https://demo.lifterlms.com/course/how-to-build-a-learning-management-system-with-lifterlms/","prerequisite":0,"prerequisite_track":0,"sections":[{"content":"","custom":[],"date":"2018-05-30 19:28:03","excerpt":"","id":19146,"lessons":[{"audio_embed":"","content":"https://gocodebox.wistia.com/medias/4qjy28kpxt\r\n\r\n<h3 style=\"text-align: center;\">Lesson Resources</h3>\r\n<a href=\"https://lifterlms.com\">LifterLMS Website</a>\r\n<a href=\"https://lifterlms.com/store/\">LifterLMS Add-ons</a>\r\n<a href=\"https://lifterlms.com/product-category/bundles/\">Upgrade to a Bundle</a>\r\n<a href=\"https://lifterlms.com/try/\">Test Premium Add-ons Before You Buy with Your Very Own Demo Site</a>\r\n<a href=\"https://lifterlms.com/docs/\">LifterLMS Documentation</a>\r\n<a href=\"https://lifterlms.com/help/\">Contact LifterLMS</a>","custom":{"_llms_reviews_enabled":[""],"_llms_display_reviews":[""],"_llms_num_reviews":["0"],"_llms_multiple_reviews_disabled":[""],"wpf-settings":["a:4:{s:8:\"redirect\";s:0:\"\";s:12:\"redirect_url\";s:0:\"\";s:11:\"apply_delay\";s:1:\"0\";s:12:\"lock_content\";i:0;}"],"course_options":[""],"launchpad_course_excerpt":[""],"layout_options":[""],"launchpad_page_menu":["default"],"launchpad_hide_page_title":["no"],"launchpad_hide_page_header":["no"],"launchpad_hide_page_footer_widgets":["no"],"launchpad_default_layout":["content_sidebar"],"launchpad_header_content":[""],"_oembed_c7e5bb94e874c6bc9c7c977abbfb35cf":["<iframe src=\"https://fast.wistia.net/embed/iframe/4qjy28kpxt?dnt=1\" title=\"Wistia video player\" allowtransparency=\"true\" frameborder=\"0\" scrolling=\"no\" class=\"wistia_embed\" name=\"wistia_embed\" allowfullscreen mozallowfullscreen webkitallowfullscreen oallowfullscreen msallowfullscreen width=\"913\" height=\"514\"></iframe><script src=\"https://fast.wistia.net/assets/external/E-v1.js\" async></script>"],"_oembed_time_c7e5bb94e874c6bc9c7c977abbfb35cf":["1527711098"],"_oembed_e633bc50189f258c5857c8e31040d532":["<iframe src=\"https://fast.wistia.net/embed/iframe/4qjy28kpxt?dnt=1\" title=\"Wistia video player\" allowtransparency=\"true\" frameborder=\"0\" scrolling=\"no\" class=\"wistia_embed\" name=\"wistia_embed\" allowfullscreen mozallowfullscreen webkitallowfullscreen oallowfullscreen msallowfullscreen width=\"500\" height=\"281\"></iframe><script src=\"https://fast.wistia.net/assets/external/E-v1.js\" async></script>"],"_oembed_time_e633bc50189f258c5857c8e31040d532":["1527711102"],"_oembed_c0dd352283a9d274e3674a92ad07d3be":["<iframe src=\"https://fast.wistia.net/embed/iframe/4qjy28kpxt?dnt=1\" title=\"Wistia video player\" allowtransparency=\"true\" frameborder=\"0\" scrolling=\"no\" class=\"wistia_embed\" name=\"wistia_embed\" allowfullscreen mozallowfullscreen webkitallowfullscreen oallowfullscreen msallowfullscreen width=\"917\" height=\"516\"></iframe><script src=\"https://fast.wistia.net/assets/external/E-v1.js\" async></script>"],"_oembed_time_c0dd352283a9d274e3674a92ad07d3be":["1527711102"],"_oembed_8c6bbc5dab46fadb93337487368f26af":["<iframe src=\"https://fast.wistia.net/embed/iframe/4qjy28kpxt?dnt=1\" title=\"Wistia video player\" allowtransparency=\"true\" frameborder=\"0\" scrolling=\"no\" class=\"wistia_embed\" name=\"wistia_embed\" allowfullscreen mozallowfullscreen webkitallowfullscreen oallowfullscreen msallowfullscreen width=\"960\" height=\"540\"></iframe><script src=\"https://fast.wistia.net/assets/external/E-v1.js\" async></script>"],"_oembed_time_8c6bbc5dab46fadb93337487368f26af":["1527711110"]},"date":"2018-05-30 19:28:33","date_available":"","days_before_available":0,"drip_method":"","excerpt":"","featured_image":"","free_lesson":"no","has_prerequisite":"no","id":19147,"menu_order":0,"modified":"2018-05-30 21:40:21","name":"why-lifterlms-2","order":1,"parent_course":19145,"parent_section":19146,"permalink":"https://demo.lifterlms.com/lesson/why-lifterlms-2/","prerequisite":0,"quiz":0,"quiz_enabled":"no","require_assignment_passing_grade":"yes","require_passing_grade":"yes","status":"publish","time_available":"","title":"Why LifterLMS","type":"lesson","video_embed":""},{"audio_embed":"","content":"https://gocodebox.wistia.com/medias/7sc31ss6nl\r\n\r\n<h3 style=\"text-align: center;\">Lesson Resources</h3>\r\n<a href=\"https://lifterlms.com\">LifterLMS Website</a>\r\n<a href=\"https://lifterlms.com/store/\">LifterLMS Add-ons</a>\r\n<a href=\"https://lifterlms.com/product-category/bundles/\">Upgrade to a Bundle</a>\r\n<a href=\"https://lifterlms.com/try/\">Test Premium Add-ons Before You Buy with Your Very Own Demo Site</a>\r\n<a href=\"https://lifterlms.com/docs/\">LifterLMS Documentation</a>\r\n<a href=\"https://lifterlms.com/help/\">Contact LifterLMS</a>","custom":{"_wp_old_slug":["new-lesson"],"_llms_reviews_enabled":[""],"_llms_display_reviews":[""],"_llms_num_reviews":["0"],"_llms_multiple_reviews_disabled":[""],"wpf-settings":["a:4:{s:8:\"redirect\";s:0:\"\";s:12:\"redirect_url\";s:0:\"\";s:11:\"apply_delay\";s:1:\"0\";s:12:\"lock_content\";i:0;}"],"course_options":[""],"launchpad_course_excerpt":[""],"layout_options":[""],"launchpad_page_menu":["default"],"launchpad_hide_page_title":["no"],"launchpad_hide_page_header":["no"],"launchpad_hide_page_footer_widgets":["no"],"launchpad_default_layout":["content_sidebar"],"launchpad_header_content":[""],"_oembed_8ad4bd3b2b6627019c1cc1eb450a5194":["<iframe src=\"https://fast.wistia.net/embed/iframe/7sc31ss6nl?dnt=1\" title=\"Wistia video player\" allowtransparency=\"true\" frameborder=\"0\" scrolling=\"no\" class=\"wistia_embed\" name=\"wistia_embed\" allowfullscreen mozallowfullscreen webkitallowfullscreen oallowfullscreen msallowfullscreen width=\"913\" height=\"514\"></iframe><script src=\"https://fast.wistia.net/assets/external/E-v1.js\" async></script>"],"_oembed_time_8ad4bd3b2b6627019c1cc1eb450a5194":["1527711297"],"_oembed_d6ce31fe2a1566d525e2ba50ed9582ed":["<iframe src=\"https://fast.wistia.net/embed/iframe/7sc31ss6nl?dnt=1\" title=\"Wistia video player\" allowtransparency=\"true\" frameborder=\"0\" scrolling=\"no\" class=\"wistia_embed\" name=\"wistia_embed\" allowfullscreen mozallowfullscreen webkitallowfullscreen oallowfullscreen msallowfullscreen width=\"500\" height=\"281\"></iframe><script src=\"https://fast.wistia.net/assets/external/E-v1.js\" async></script>"],"_oembed_time_d6ce31fe2a1566d525e2ba50ed9582ed":["1527711302"],"_oembed_0d28ffc30e47d94fcb8aa83a625d8159":["<iframe src=\"https://fast.wistia.net/embed/iframe/7sc31ss6nl?dnt=1\" title=\"Wistia video player\" allowtransparency=\"true\" frameborder=\"0\" scrolling=\"no\" class=\"wistia_embed\" name=\"wistia_embed\" allowfullscreen mozallowfullscreen webkitallowfullscreen oallowfullscreen msallowfullscreen width=\"917\" height=\"516\"></iframe><script src=\"https://fast.wistia.net/assets/external/E-v1.js\" async></script>"],"_oembed_time_0d28ffc30e47d94fcb8aa83a625d8159":["1527711302"],"_oembed_750f664c28ced4bab272eb9470afc484":["<iframe src=\"https://fast.wistia.net/embed/iframe/7sc31ss6nl?dnt=1\" title=\"Wistia video player\" allowtransparency=\"true\" frameborder=\"0\" scrolling=\"no\" class=\"wistia_embed\" name=\"wistia_embed\" allowfullscreen mozallowfullscreen webkitallowfullscreen oallowfullscreen msallowfullscreen width=\"960\" height=\"540\"></iframe><script src=\"https://fast.wistia.net/assets/external/E-v1.js\" async></script>"],"_oembed_time_750f664c28ced4bab272eb9470afc484":["1527711304"]},"date":"2018-05-30 19:28:33","date_available":"","days_before_available":0,"drip_method":"","excerpt":"","featured_image":"","free_lesson":"no","has_prerequisite":"no","id":19148,"menu_order":0,"modified":"2018-05-30 21:20:50","name":"who-lifterlms-is-for","order":2,"parent_course":19145,"parent_section":19146,"permalink":"https://demo.lifterlms.com/lesson/who-lifterlms-is-for/","prerequisite":0,"quiz":0,"quiz_enabled":"no","require_assignment_passing_grade":"yes","require_passing_grade":"yes","status":"publish","time_available":"","title":"Who LifterLMS is For","type":"lesson","video_embed":""},{"audio_embed":"","content":"https://gocodebox.wistia.com/medias/0fzc5vkyhd#\r\n\r\n<h3 style=\"text-align: center;\">Lesson Resources</h3>\r\n<a href=\"https://lifterlms.com\">LifterLMS Website</a>\r\n<a href=\"https://lifterlms.com/store/\">LifterLMS Add-ons</a>\r\n<a href=\"https://lifterlms.com/product-category/bundles/\">Upgrade to a Bundle</a>\r\n<a href=\"https://lifterlms.com/try/\">Test Premium Add-ons Before You Buy with Your Very Own Demo Site</a>\r\n<a href=\"https://lifterlms.com/docs/\">LifterLMS Documentation</a>\r\n<a href=\"https://lifterlms.com/help/\">Contact LifterLMS</a>","custom":{"_wp_old_slug":["new-lesson"],"_llms_reviews_enabled":[""],"_llms_display_reviews":[""],"_llms_num_reviews":["0"],"_llms_multiple_reviews_disabled":[""],"wpf-settings":["a:4:{s:8:\"redirect\";s:0:\"\";s:12:\"redirect_url\";s:0:\"\";s:11:\"apply_delay\";s:1:\"0\";s:12:\"lock_content\";i:0;}"],"course_options":[""],"launchpad_course_excerpt":[""],"layout_options":[""],"launchpad_page_menu":["default"],"launchpad_hide_page_title":["no"],"launchpad_hide_page_header":["no"],"launchpad_hide_page_footer_widgets":["no"],"launchpad_default_layout":["content_sidebar"],"launchpad_header_content":[""],"_oembed_8e90d298064263c4eae4c2af0aff4fbe":["<iframe src=\"https://fast.wistia.net/embed/iframe/0fzc5vkyhd?dnt=1\" title=\"Wistia video player\" allowtransparency=\"true\" frameborder=\"0\" scrolling=\"no\" class=\"wistia_embed\" name=\"wistia_embed\" allowfullscreen mozallowfullscreen webkitallowfullscreen oallowfullscreen msallowfullscreen width=\"913\" height=\"514\"></iframe><script src=\"https://fast.wistia.net/assets/external/E-v1.js\" async></script>"],"_oembed_time_8e90d298064263c4eae4c2af0aff4fbe":["1527711415"],"_oembed_9c7903575c94f1288f7541216509067f":["<iframe src=\"https://fast.wistia.net/embed/iframe/0fzc5vkyhd?dnt=1\" title=\"Wistia video player\" allowtransparency=\"true\" frameborder=\"0\" scrolling=\"no\" class=\"wistia_embed\" name=\"wistia_embed\" allowfullscreen mozallowfullscreen webkitallowfullscreen oallowfullscreen msallowfullscreen width=\"500\" height=\"281\"></iframe><script src=\"https://fast.wistia.net/assets/external/E-v1.js\" async></script>"],"_oembed_time_9c7903575c94f1288f7541216509067f":["1527711420"],"_oembed_c360a8539c42981791dd0a2af35394d8":["<iframe src=\"https://fast.wistia.net/embed/iframe/0fzc5vkyhd?dnt=1\" title=\"Wistia video player\" allowtransparency=\"true\" frameborder=\"0\" scrolling=\"no\" class=\"wistia_embed\" name=\"wistia_embed\" allowfullscreen mozallowfullscreen webkitallowfullscreen oallowfullscreen msallowfullscreen width=\"917\" height=\"516\"></iframe><script src=\"https://fast.wistia.net/assets/external/E-v1.js\" async></script>"],"_oembed_time_c360a8539c42981791dd0a2af35394d8":["1527711420"],"_oembed_2e8db2a5c463c7c316b0fa3ec3f0c8a8":["<iframe src=\"https://fast.wistia.net/embed/iframe/0fzc5vkyhd?dnt=1\" title=\"Wistia video player\" allowtransparency=\"true\" frameborder=\"0\" scrolling=\"no\" class=\"wistia_embed\" name=\"wistia_embed\" allowfullscreen mozallowfullscreen webkitallowfullscreen oallowfullscreen msallowfullscreen width=\"960\" height=\"540\"></iframe><script src=\"https://fast.wistia.net/assets/external/E-v1.js\" async></script>"],"_oembed_time_2e8db2a5c463c7c316b0fa3ec3f0c8a8":["1527711422"]},"date":"2018-05-30 19:28:48","date_available":"","days_before_available":0,"drip_method":"","excerpt":"","featured_image":"","free_lesson":"no","has_prerequisite":"no","id":19149,"menu_order":0,"modified":"2018-05-30 21:20:44","name":"what-is-lifterlms-4","order":3,"parent_course":19145,"parent_section":19146,"permalink":"https://demo.lifterlms.com/lesson/what-is-lifterlms-4/","prerequisite":0,"quiz":0,"quiz_enabled":"no","require_assignment_passing_grade":"yes","require_passing_grade":"yes","status":"publish","time_available":"","title":"What is LifterLMS","type":"lesson","video_embed":""},{"audio_embed":"","content":"https://gocodebox.wistia.com/medias/vz13l2v62a\r\n\r\n<h3 style=\"text-align: center;\">Lesson Resources</h3>\r\n<a href=\"https://lifterlms.com\">LifterLMS Website</a>\r\n<a href=\"https://lifterlms.com/store/\">LifterLMS Add-ons</a>\r\n<a href=\"https://lifterlms.com/product-category/bundles/\">Upgrade to a Bundle</a>\r\n<a href=\"https://lifterlms.com/try/\">Test Premium Add-ons Before You Buy with Your Very Own Demo Site</a>\r\n<a href=\"https://lifterlms.com/docs/\">LifterLMS Documentation</a>\r\n<a href=\"https://lifterlms.com/help/\">Contact LifterLMS</a>","custom":{"_llms_reviews_enabled":[""],"_llms_display_reviews":[""],"_llms_num_reviews":["0"],"_llms_multiple_reviews_disabled":[""],"wpf-settings":["a:4:{s:8:\"redirect\";s:0:\"\";s:12:\"redirect_url\";s:0:\"\";s:11:\"apply_delay\";s:1:\"0\";s:12:\"lock_content\";i:0;}"],"course_options":[""],"launchpad_course_excerpt":[""],"layout_options":[""],"launchpad_page_menu":["default"],"launchpad_hide_page_title":["no"],"launchpad_hide_page_header":["no"],"launchpad_hide_page_footer_widgets":["no"],"launchpad_default_layout":["content_sidebar"],"launchpad_header_content":[""],"_oembed_ebf56e381d503b7de8e916f60a7f1342":["<iframe src=\"https://fast.wistia.net/embed/iframe/vz13l2v62a?dnt=1\" title=\"Wistia video player\" allowtransparency=\"true\" frameborder=\"0\" scrolling=\"no\" class=\"wistia_embed\" name=\"wistia_embed\" allowfullscreen mozallowfullscreen webkitallowfullscreen oallowfullscreen msallowfullscreen width=\"913\" height=\"514\"></iframe><script src=\"https://fast.wistia.net/assets/external/E-v1.js\" async></script>"],"_oembed_time_ebf56e381d503b7de8e916f60a7f1342":["1527711470"],"_oembed_27f7d01c9421f7fd044145cf9925d322":["<iframe src=\"https://fast.wistia.net/embed/iframe/vz13l2v62a?dnt=1\" title=\"Wistia video player\" allowtransparency=\"true\" frameborder=\"0\" scrolling=\"no\" class=\"wistia_embed\" name=\"wistia_embed\" allowfullscreen mozallowfullscreen webkitallowfullscreen oallowfullscreen msallowfullscreen width=\"500\" height=\"281\"></iframe><script src=\"https://fast.wistia.net/assets/external/E-v1.js\" async></script>"],"_oembed_time_27f7d01c9421f7fd044145cf9925d322":["1527711474"],"_oembed_7ed6047d662890cda52612ec48394737":["<iframe src=\"https://fast.wistia.net/embed/iframe/vz13l2v62a?dnt=1\" title=\"Wistia video player\" allowtransparency=\"true\" frameborder=\"0\" scrolling=\"no\" class=\"wistia_embed\" name=\"wistia_embed\" allowfullscreen mozallowfullscreen webkitallowfullscreen oallowfullscreen msallowfullscreen width=\"917\" height=\"516\"></iframe><script src=\"https://fast.wistia.net/assets/external/E-v1.js\" async></script>"],"_oembed_time_7ed6047d662890cda52612ec48394737":["1527711474"],"_oembed_58be520e55afee3b7cf7b82357098375":["<iframe src=\"https://fast.wistia.net/embed/iframe/vz13l2v62a?dnt=1\" title=\"Wistia video player\" allowtransparency=\"true\" frameborder=\"0\" scrolling=\"no\" class=\"wistia_embed\" name=\"wistia_embed\" allowfullscreen mozallowfullscreen webkitallowfullscreen oallowfullscreen msallowfullscreen width=\"960\" height=\"540\"></iframe><script src=\"https://fast.wistia.net/assets/external/E-v1.js\" async></script>"],"_oembed_time_58be520e55afee3b7cf7b82357098375":["1527711481"]},"date":"2018-05-30 19:29:48","date_available":"","days_before_available":0,"drip_method":"","excerpt":"","featured_image":"","free_lesson":"no","has_prerequisite":"no","id":19150,"menu_order":0,"modified":"2018-05-30 21:20:37","name":"goal-for-this-course","order":4,"parent_course":19145,"parent_section":19146,"permalink":"https://demo.lifterlms.com/lesson/goal-for-this-course/","prerequisite":0,"quiz":0,"quiz_enabled":"no","require_assignment_passing_grade":"yes","require_passing_grade":"yes","status":"publish","time_available":"","title":"Goal For This Course","type":"lesson","video_embed":""},{"audio_embed":"","content":"https://gocodebox.wistia.com/medias/vj1m9wdh8u\r\n\r\n<h3 style=\"text-align: center;\">Lesson Resources</h3>\r\n<a href=\"https://lifterlms.com\">LifterLMS Website</a>\r\n<a href=\"https://lifterlms.com/store/\">LifterLMS Add-ons</a>\r\n<a href=\"https://lifterlms.com/product-category/bundles/\">Upgrade to a Bundle</a>\r\n<a href=\"https://lifterlms.com/try/\">Test Premium Add-ons Before You Buy with Your Very Own Demo Site</a>\r\n<a href=\"https://lifterlms.com/docs/\">LifterLMS Documentation</a>\r\n<a href=\"https://lifterlms.com/help/\">Contact LifterLMS</a>","custom":{"_llms_reviews_enabled":[""],"_llms_display_reviews":[""],"_llms_num_reviews":["0"],"_llms_multiple_reviews_disabled":[""],"wpf-settings":["a:4:{s:8:\"redirect\";s:0:\"\";s:12:\"redirect_url\";s:0:\"\";s:11:\"apply_delay\";s:1:\"0\";s:12:\"lock_content\";i:0;}"],"course_options":[""],"launchpad_course_excerpt":[""],"layout_options":[""],"launchpad_page_menu":["default"],"launchpad_hide_page_title":["no"],"launchpad_hide_page_header":["no"],"launchpad_hide_page_footer_widgets":["no"],"launchpad_default_layout":["content_sidebar"],"launchpad_header_content":[""],"_oembed_e379f6ab69747dc43df76a66401f287e":["<iframe src=\"https://fast.wistia.net/embed/iframe/vj1m9wdh8u?dnt=1\" title=\"Wistia video player\" allowtransparency=\"true\" frameborder=\"0\" scrolling=\"no\" class=\"wistia_embed\" name=\"wistia_embed\" allowfullscreen mozallowfullscreen webkitallowfullscreen oallowfullscreen msallowfullscreen width=\"913\" height=\"514\"></iframe><script src=\"https://fast.wistia.net/assets/external/E-v1.js\" async></script>"],"_oembed_time_e379f6ab69747dc43df76a66401f287e":["1527711562"],"_oembed_90155347f51f18fc7458182f0177921b":["<iframe src=\"https://fast.wistia.net/embed/iframe/vj1m9wdh8u?dnt=1\" title=\"Wistia video player\" allowtransparency=\"true\" frameborder=\"0\" scrolling=\"no\" class=\"wistia_embed\" name=\"wistia_embed\" allowfullscreen mozallowfullscreen webkitallowfullscreen oallowfullscreen msallowfullscreen width=\"500\" height=\"281\"></iframe><script src=\"https://fast.wistia.net/assets/external/E-v1.js\" async></script>"],"_oembed_time_90155347f51f18fc7458182f0177921b":["1527711566"],"_oembed_d1307d6b07849595c947f6a6e010dbb8":["<iframe src=\"https://fast.wistia.net/embed/iframe/vj1m9wdh8u?dnt=1\" title=\"Wistia video player\" allowtransparency=\"true\" frameborder=\"0\" scrolling=\"no\" class=\"wistia_embed\" name=\"wistia_embed\" allowfullscreen mozallowfullscreen webkitallowfullscreen oallowfullscreen msallowfullscreen width=\"917\" height=\"516\"></iframe><script src=\"https://fast.wistia.net/assets/external/E-v1.js\" async></script>"],"_oembed_time_d1307d6b07849595c947f6a6e010dbb8":["1527711567"],"_oembed_d3aff4dc0ae1c3469295e8d54700081c":["<iframe src=\"https://fast.wistia.net/embed/iframe/vj1m9wdh8u?dnt=1\" title=\"Wistia video player\" allowtransparency=\"true\" frameborder=\"0\" scrolling=\"no\" class=\"wistia_embed\" name=\"wistia_embed\" allowfullscreen mozallowfullscreen webkitallowfullscreen oallowfullscreen msallowfullscreen width=\"960\" height=\"540\"></iframe><script src=\"https://fast.wistia.net/assets/external/E-v1.js\" async></script>"],"_oembed_time_d3aff4dc0ae1c3469295e8d54700081c":["1527714939"]},"date":"2018-05-30 19:30:03","date_available":"","days_before_available":0,"drip_method":"","excerpt":"","featured_image":"","free_lesson":"no","has_prerequisite":"no","id":19151,"menu_order":0,"modified":"2018-05-30 21:20:29","name":"install-lifterlms","order":5,"parent_course":19145,"parent_section":19146,"permalink":"https://demo.lifterlms.com/lesson/install-lifterlms/","prerequisite":0,"quiz":0,"quiz_enabled":"no","require_assignment_passing_grade":"yes","require_passing_grade":"yes","status":"publish","time_available":"","title":"Install LifterLMS","type":"lesson","video_embed":""}],"menu_order":0,"modified":"2018-05-30 19:28:33","name":"19146","order":1,"parent_course":19145,"status":"publish","title":"Getting Started","type":"section"},{"content":"","custom":[],"date":"2018-05-30 19:30:18","excerpt":"","id":19152,"lessons":[{"audio_embed":"","content":"https://gocodebox.wistia.com/medias/mkw34nl1nh\r\n\r\n<h3 style=\"text-align: center;\">Lesson Resources</h3>\r\n<a href=\"https://lifterlms.com\">LifterLMS Website</a>\r\n<a href=\"https://lifterlms.com/store/\">LifterLMS Add-ons</a>\r\n<a href=\"https://lifterlms.com/product-category/bundles/\">Upgrade to a Bundle</a>\r\n<a href=\"https://lifterlms.com/try/\">Test Premium Add-ons Before You Buy with Your Very Own Demo Site</a>\r\n<a href=\"https://lifterlms.com/docs/\">LifterLMS Documentation</a>\r\n<a href=\"https://lifterlms.com/help/\">Contact LifterLMS</a>","custom":{"_wp_old_slug":["new-lesson"],"_llms_reviews_enabled":[""],"_llms_display_reviews":[""],"_llms_num_reviews":["0"],"_llms_multiple_reviews_disabled":[""],"wpf-settings":["a:4:{s:8:\"redirect\";s:0:\"\";s:12:\"redirect_url\";s:0:\"\";s:11:\"apply_delay\";s:1:\"0\";s:12:\"lock_content\";i:0;}"],"course_options":[""],"launchpad_course_excerpt":[""],"layout_options":[""],"launchpad_page_menu":["default"],"launchpad_hide_page_title":["no"],"launchpad_hide_page_header":["no"],"launchpad_hide_page_footer_widgets":["no"],"launchpad_default_layout":["content_sidebar"],"launchpad_header_content":[""],"_oembed_2c7d2a6d0f183b7cd0c1000487266324":["<iframe src=\"https://fast.wistia.net/embed/iframe/mkw34nl1nh?dnt=1\" title=\"Wistia video player\" allowtransparency=\"true\" frameborder=\"0\" scrolling=\"no\" class=\"wistia_embed\" name=\"wistia_embed\" allowfullscreen mozallowfullscreen webkitallowfullscreen oallowfullscreen msallowfullscreen width=\"913\" height=\"514\"></iframe><script src=\"https://fast.wistia.net/assets/external/E-v1.js\" async></script>"],"_oembed_time_2c7d2a6d0f183b7cd0c1000487266324":["1527711584"],"_oembed_723e2f15d4ff136af3352aae1de5f674":["<iframe src=\"https://fast.wistia.net/embed/iframe/mkw34nl1nh?dnt=1\" title=\"Wistia video player\" allowtransparency=\"true\" frameborder=\"0\" scrolling=\"no\" class=\"wistia_embed\" name=\"wistia_embed\" allowfullscreen mozallowfullscreen webkitallowfullscreen oallowfullscreen msallowfullscreen width=\"500\" height=\"281\"></iframe><script src=\"https://fast.wistia.net/assets/external/E-v1.js\" async></script>"],"_oembed_time_723e2f15d4ff136af3352aae1de5f674":["1527711588"],"_oembed_624fe81250288f35a7f32133ed298b7f":["<iframe src=\"https://fast.wistia.net/embed/iframe/mkw34nl1nh?dnt=1\" title=\"Wistia video player\" allowtransparency=\"true\" frameborder=\"0\" scrolling=\"no\" class=\"wistia_embed\" name=\"wistia_embed\" allowfullscreen mozallowfullscreen webkitallowfullscreen oallowfullscreen msallowfullscreen width=\"917\" height=\"516\"></iframe><script src=\"https://fast.wistia.net/assets/external/E-v1.js\" async></script>"],"_oembed_time_624fe81250288f35a7f32133ed298b7f":["1527711588"],"_oembed_cd641591ffbcb81c6a926c58e2e2aa6b":["<iframe src=\"https://fast.wistia.net/embed/iframe/mkw34nl1nh?dnt=1\" title=\"Wistia video player\" allowtransparency=\"true\" frameborder=\"0\" scrolling=\"no\" class=\"wistia_embed\" name=\"wistia_embed\" allowfullscreen mozallowfullscreen webkitallowfullscreen oallowfullscreen msallowfullscreen width=\"960\" height=\"540\"></iframe><script src=\"https://fast.wistia.net/assets/external/E-v1.js\" async></script>"],"_oembed_time_cd641591ffbcb81c6a926c58e2e2aa6b":["1527714942"]},"date":"2018-05-30 19:30:18","date_available":"","days_before_available":0,"drip_method":"","excerpt":"","featured_image":"","free_lesson":"no","has_prerequisite":"no","id":19153,"menu_order":0,"modified":"2018-05-30 21:40:45","name":"create-your-course-structure","order":1,"parent_course":19145,"parent_section":19152,"permalink":"https://demo.lifterlms.com/lesson/create-your-course-structure/","prerequisite":0,"quiz":0,"quiz_enabled":"no","require_assignment_passing_grade":"yes","require_passing_grade":"yes","status":"publish","time_available":"","title":"Create Your Course Structure","type":"lesson","video_embed":""},{"audio_embed":"","content":"https://gocodebox.wistia.com/medias/1qbwsplmil\r\n\r\n<h3 style=\"text-align: center;\">Lesson Resources</h3>\r\n<a href=\"https://lifterlms.com\">LifterLMS Website</a>\r\n<a href=\"https://lifterlms.com/store/\">LifterLMS Add-ons</a>\r\n<a href=\"https://lifterlms.com/product-category/bundles/\">Upgrade to a Bundle</a>\r\n<a href=\"https://lifterlms.com/try/\">Test Premium Add-ons Before You Buy with Your Very Own Demo Site</a>\r\n<a href=\"https://lifterlms.com/docs/\">LifterLMS Documentation</a>\r\n<a href=\"https://lifterlms.com/help/\">Contact LifterLMS</a>","custom":{"_llms_reviews_enabled":[""],"_llms_display_reviews":[""],"_llms_num_reviews":["0"],"_llms_multiple_reviews_disabled":[""],"wpf-settings":["a:4:{s:8:\"redirect\";s:0:\"\";s:12:\"redirect_url\";s:0:\"\";s:11:\"apply_delay\";s:1:\"0\";s:12:\"lock_content\";i:0;}"],"course_options":[""],"launchpad_course_excerpt":[""],"layout_options":[""],"launchpad_page_menu":["default"],"launchpad_hide_page_title":["no"],"launchpad_hide_page_header":["no"],"launchpad_hide_page_footer_widgets":["no"],"launchpad_default_layout":["content_sidebar"],"launchpad_header_content":[""],"_oembed_c9afd0aab5b1cfd811205e9f17e6a6aa":["<iframe src=\"https://fast.wistia.net/embed/iframe/1qbwsplmil?dnt=1\" title=\"Wistia video player\" allowtransparency=\"true\" frameborder=\"0\" scrolling=\"no\" class=\"wistia_embed\" name=\"wistia_embed\" allowfullscreen mozallowfullscreen webkitallowfullscreen oallowfullscreen msallowfullscreen width=\"913\" height=\"514\"></iframe><script src=\"https://fast.wistia.net/assets/external/E-v1.js\" async></script>"],"_oembed_time_c9afd0aab5b1cfd811205e9f17e6a6aa":["1527711609"],"_oembed_6e979f8ec0251a8e542feafcd75607ad":["<iframe src=\"https://fast.wistia.net/embed/iframe/1qbwsplmil?dnt=1\" title=\"Wistia video player\" allowtransparency=\"true\" frameborder=\"0\" scrolling=\"no\" class=\"wistia_embed\" name=\"wistia_embed\" allowfullscreen mozallowfullscreen webkitallowfullscreen oallowfullscreen msallowfullscreen width=\"500\" height=\"281\"></iframe><script src=\"https://fast.wistia.net/assets/external/E-v1.js\" async></script>"],"_oembed_time_6e979f8ec0251a8e542feafcd75607ad":["1527711612"],"_oembed_fe5a9ab2ce2e95b23fc044ea45f32ed9":["<iframe src=\"https://fast.wistia.net/embed/iframe/1qbwsplmil?dnt=1\" title=\"Wistia video player\" allowtransparency=\"true\" frameborder=\"0\" scrolling=\"no\" class=\"wistia_embed\" name=\"wistia_embed\" allowfullscreen mozallowfullscreen webkitallowfullscreen oallowfullscreen msallowfullscreen width=\"917\" height=\"516\"></iframe><script src=\"https://fast.wistia.net/assets/external/E-v1.js\" async></script>"],"_oembed_time_fe5a9ab2ce2e95b23fc044ea45f32ed9":["1527711612"],"_oembed_2c5dc29bef7f4485c95219ece97e4eb4":["<iframe src=\"https://fast.wistia.net/embed/iframe/1qbwsplmil?dnt=1\" title=\"Wistia video player\" allowtransparency=\"true\" frameborder=\"0\" scrolling=\"no\" class=\"wistia_embed\" name=\"wistia_embed\" allowfullscreen mozallowfullscreen webkitallowfullscreen oallowfullscreen msallowfullscreen width=\"960\" height=\"540\"></iframe><script src=\"https://fast.wistia.net/assets/external/E-v1.js\" async></script>"],"_oembed_time_2c5dc29bef7f4485c95219ece97e4eb4":["1527714943"]},"date":"2018-05-30 19:31:18","date_available":"","days_before_available":0,"drip_method":"","excerpt":"","featured_image":"","free_lesson":"no","has_prerequisite":"no","id":19154,"menu_order":0,"modified":"2018-05-30 21:20:15","name":"add-course-and-lesson-sidebars","order":2,"parent_course":19145,"parent_section":19152,"permalink":"https://demo.lifterlms.com/lesson/add-course-and-lesson-sidebars/","prerequisite":0,"quiz":0,"quiz_enabled":"no","require_assignment_passing_grade":"yes","require_passing_grade":"yes","status":"publish","time_available":"","title":"Add Course and Lesson Sidebars","type":"lesson","video_embed":""},{"audio_embed":"","content":"https://gocodebox.wistia.com/medias/a7dxs4vxqm\r\n\r\n<h3 style=\"text-align: center;\">Lesson Resources</h3>\r\n<a href=\"https://lifterlms.com\">LifterLMS Website</a>\r\n<a href=\"https://lifterlms.com/store/\">LifterLMS Add-ons</a>\r\n<a href=\"https://lifterlms.com/product-category/bundles/\">Upgrade to a Bundle</a>\r\n<a href=\"https://lifterlms.com/try/\">Test Premium Add-ons Before You Buy with Your Very Own Demo Site</a>\r\n<a href=\"https://lifterlms.com/docs/\">LifterLMS Documentation</a>\r\n<a href=\"https://lifterlms.com/help/\">Contact LifterLMS</a>","custom":{"_wp_old_slug":["new-lesson"],"_llms_reviews_enabled":[""],"_llms_display_reviews":[""],"_llms_num_reviews":["0"],"_llms_multiple_reviews_disabled":[""],"wpf-settings":["a:4:{s:8:\"redirect\";s:0:\"\";s:12:\"redirect_url\";s:0:\"\";s:11:\"apply_delay\";s:1:\"0\";s:12:\"lock_content\";i:0;}"],"course_options":[""],"launchpad_course_excerpt":[""],"layout_options":[""],"launchpad_page_menu":["default"],"launchpad_hide_page_title":["no"],"launchpad_hide_page_header":["no"],"launchpad_hide_page_footer_widgets":["no"],"launchpad_default_layout":["content_sidebar"],"launchpad_header_content":[""],"_oembed_b7f1a477df6ec69889c6db094ae1fd16":["<iframe src=\"https://fast.wistia.net/embed/iframe/a7dxs4vxqm?dnt=1\" title=\"Wistia video player\" allowtransparency=\"true\" frameborder=\"0\" scrolling=\"no\" class=\"wistia_embed\" name=\"wistia_embed\" allowfullscreen mozallowfullscreen webkitallowfullscreen oallowfullscreen msallowfullscreen width=\"913\" height=\"514\"></iframe><script src=\"https://fast.wistia.net/assets/external/E-v1.js\" async></script>"],"_oembed_time_b7f1a477df6ec69889c6db094ae1fd16":["1527711670"],"_oembed_75a1a7b2443dd24ad51727d667ad54cc":["<iframe src=\"https://fast.wistia.net/embed/iframe/a7dxs4vxqm?dnt=1\" title=\"Wistia video player\" allowtransparency=\"true\" frameborder=\"0\" scrolling=\"no\" class=\"wistia_embed\" name=\"wistia_embed\" allowfullscreen mozallowfullscreen webkitallowfullscreen oallowfullscreen msallowfullscreen width=\"500\" height=\"281\"></iframe><script src=\"https://fast.wistia.net/assets/external/E-v1.js\" async></script>"],"_oembed_time_75a1a7b2443dd24ad51727d667ad54cc":["1527711678"],"_oembed_f36725c7aa064082e0dc5b1bd7aa19fc":["<iframe src=\"https://fast.wistia.net/embed/iframe/a7dxs4vxqm?dnt=1\" title=\"Wistia video player\" allowtransparency=\"true\" frameborder=\"0\" scrolling=\"no\" class=\"wistia_embed\" name=\"wistia_embed\" allowfullscreen mozallowfullscreen webkitallowfullscreen oallowfullscreen msallowfullscreen width=\"917\" height=\"516\"></iframe><script src=\"https://fast.wistia.net/assets/external/E-v1.js\" async></script>"],"_oembed_time_f36725c7aa064082e0dc5b1bd7aa19fc":["1527711678"],"_oembed_ee8c6c9dc0b305c1244691be81877036":["<iframe src=\"https://fast.wistia.net/embed/iframe/a7dxs4vxqm?dnt=1\" title=\"Wistia video player\" allowtransparency=\"true\" frameborder=\"0\" scrolling=\"no\" class=\"wistia_embed\" name=\"wistia_embed\" allowfullscreen mozallowfullscreen webkitallowfullscreen oallowfullscreen msallowfullscreen width=\"960\" height=\"540\"></iframe><script src=\"https://fast.wistia.net/assets/external/E-v1.js\" async></script>"],"_oembed_time_ee8c6c9dc0b305c1244691be81877036":["1527714944"]},"date":"2018-05-30 19:31:18","date_available":"","days_before_available":0,"drip_method":"","excerpt":"","featured_image":"","free_lesson":"no","has_prerequisite":"no","id":19155,"menu_order":0,"modified":"2018-05-30 21:20:07","name":"add-course-description-and-image","order":3,"parent_course":19145,"parent_section":19152,"permalink":"https://demo.lifterlms.com/lesson/add-course-description-and-image/","prerequisite":0,"quiz":0,"quiz_enabled":"no","require_assignment_passing_grade":"yes","require_passing_grade":"yes","status":"publish","time_available":"","title":"Add Course Description And Image","type":"lesson","video_embed":""},{"audio_embed":"","content":"https://gocodebox.wistia.com/medias/kmsip8qy39\r\n\r\n<h3 style=\"text-align: center;\">Lesson Resources</h3>\r\n<a href=\"https://lifterlms.com\">LifterLMS Website</a>\r\n<a href=\"https://lifterlms.com/store/\">LifterLMS Add-ons</a>\r\n<a href=\"https://lifterlms.com/product-category/bundles/\">Upgrade to a Bundle</a>\r\n<a href=\"https://lifterlms.com/try/\">Test Premium Add-ons Before You Buy with Your Very Own Demo Site</a>\r\n<a href=\"https://lifterlms.com/docs/\">LifterLMS Documentation</a>\r\n<a href=\"https://lifterlms.com/help/\">Contact LifterLMS</a>","custom":{"_wp_old_slug":["new-lesson"],"_llms_reviews_enabled":[""],"_llms_display_reviews":[""],"_llms_num_reviews":["0"],"_llms_multiple_reviews_disabled":[""],"wpf-settings":["a:4:{s:8:\"redirect\";s:0:\"\";s:12:\"redirect_url\";s:0:\"\";s:11:\"apply_delay\";s:1:\"0\";s:12:\"lock_content\";i:0;}"],"course_options":[""],"launchpad_course_excerpt":[""],"layout_options":[""],"launchpad_page_menu":["default"],"launchpad_hide_page_title":["no"],"launchpad_hide_page_header":["no"],"launchpad_hide_page_footer_widgets":["no"],"launchpad_default_layout":["content_sidebar"],"launchpad_header_content":[""],"_oembed_22667054f8d3f709aabe961c883fd9ad":["<iframe src=\"https://fast.wistia.net/embed/iframe/kmsip8qy39?dnt=1\" title=\"Wistia video player\" allowtransparency=\"true\" frameborder=\"0\" scrolling=\"no\" class=\"wistia_embed\" name=\"wistia_embed\" allowfullscreen mozallowfullscreen webkitallowfullscreen oallowfullscreen msallowfullscreen width=\"913\" height=\"514\"></iframe><script src=\"https://fast.wistia.net/assets/external/E-v1.js\" async></script>"],"_oembed_time_22667054f8d3f709aabe961c883fd9ad":["1527711713"],"_oembed_dbe1090e49e9264d29390509f367bae1":["<iframe src=\"https://fast.wistia.net/embed/iframe/kmsip8qy39?dnt=1\" title=\"Wistia video player\" allowtransparency=\"true\" frameborder=\"0\" scrolling=\"no\" class=\"wistia_embed\" name=\"wistia_embed\" allowfullscreen mozallowfullscreen webkitallowfullscreen oallowfullscreen msallowfullscreen width=\"500\" height=\"281\"></iframe><script src=\"https://fast.wistia.net/assets/external/E-v1.js\" async></script>"],"_oembed_time_dbe1090e49e9264d29390509f367bae1":["1527711716"],"_oembed_ac55334956683808b00ce641fe6f0949":["<iframe src=\"https://fast.wistia.net/embed/iframe/kmsip8qy39?dnt=1\" title=\"Wistia video player\" allowtransparency=\"true\" frameborder=\"0\" scrolling=\"no\" class=\"wistia_embed\" name=\"wistia_embed\" allowfullscreen mozallowfullscreen webkitallowfullscreen oallowfullscreen msallowfullscreen width=\"917\" height=\"516\"></iframe><script src=\"https://fast.wistia.net/assets/external/E-v1.js\" async></script>"],"_oembed_time_ac55334956683808b00ce641fe6f0949":["1527711717"],"_oembed_aad61fa4a2036687c9fd998538037cd8":["<iframe src=\"https://fast.wistia.net/embed/iframe/kmsip8qy39?dnt=1\" title=\"Wistia video player\" allowtransparency=\"true\" frameborder=\"0\" scrolling=\"no\" class=\"wistia_embed\" name=\"wistia_embed\" allowfullscreen mozallowfullscreen webkitallowfullscreen oallowfullscreen msallowfullscreen width=\"960\" height=\"540\"></iframe><script src=\"https://fast.wistia.net/assets/external/E-v1.js\" async></script>"],"_oembed_time_aad61fa4a2036687c9fd998538037cd8":["1527714944"]},"date":"2018-05-30 19:31:48","date_available":"","days_before_available":0,"drip_method":"","excerpt":"","featured_image":"","free_lesson":"no","has_prerequisite":"no","id":19156,"menu_order":0,"modified":"2018-05-30 21:20:01","name":"add-lesson-content","order":4,"parent_course":19145,"parent_section":19152,"permalink":"https://demo.lifterlms.com/lesson/add-lesson-content/","prerequisite":0,"quiz":0,"quiz_enabled":"no","require_assignment_passing_grade":"yes","require_passing_grade":"yes","status":"publish","time_available":"","title":"Add Lesson Content","type":"lesson","video_embed":""},{"audio_embed":"","content":"https://gocodebox.wistia.com/medias/g05543magh\r\n\r\n<h3 style=\"text-align: center;\">Lesson Resources</h3>\r\n<a href=\"https://lifterlms.com\">LifterLMS Website</a>\r\n<a href=\"https://lifterlms.com/store/\">LifterLMS Add-ons</a>\r\n<a href=\"https://lifterlms.com/product-category/bundles/\">Upgrade to a Bundle</a>\r\n<a href=\"https://lifterlms.com/try/\">Test Premium Add-ons Before You Buy with Your Very Own Demo Site</a>\r\n<a href=\"https://lifterlms.com/docs/\">LifterLMS Documentation</a>\r\n<a href=\"https://lifterlms.com/help/\">Contact LifterLMS</a>","custom":{"_llms_reviews_enabled":[""],"_llms_display_reviews":[""],"_llms_num_reviews":["0"],"_llms_multiple_reviews_disabled":[""],"wpf-settings":["a:4:{s:8:\"redirect\";s:0:\"\";s:12:\"redirect_url\";s:0:\"\";s:11:\"apply_delay\";s:1:\"0\";s:12:\"lock_content\";i:0;}"],"course_options":[""],"launchpad_course_excerpt":[""],"layout_options":[""],"launchpad_page_menu":["default"],"launchpad_hide_page_title":["no"],"launchpad_hide_page_header":["no"],"launchpad_hide_page_footer_widgets":["no"],"launchpad_default_layout":["content_sidebar"],"launchpad_header_content":[""],"_oembed_e252d7359ff881ccac9c346b3e7f2f25":["<iframe src=\"https://fast.wistia.net/embed/iframe/g05543magh?dnt=1\" title=\"Wistia video player\" allowtransparency=\"true\" frameborder=\"0\" scrolling=\"no\" class=\"wistia_embed\" name=\"wistia_embed\" allowfullscreen mozallowfullscreen webkitallowfullscreen oallowfullscreen msallowfullscreen width=\"913\" height=\"514\"></iframe><script src=\"https://fast.wistia.net/assets/external/E-v1.js\" async></script>"],"_oembed_time_e252d7359ff881ccac9c346b3e7f2f25":["1527711741"],"_oembed_6973164d6b023c58b47d85193359ad6a":["<iframe src=\"https://fast.wistia.net/embed/iframe/g05543magh?dnt=1\" title=\"Wistia video player\" allowtransparency=\"true\" frameborder=\"0\" scrolling=\"no\" class=\"wistia_embed\" name=\"wistia_embed\" allowfullscreen mozallowfullscreen webkitallowfullscreen oallowfullscreen msallowfullscreen width=\"500\" height=\"281\"></iframe><script src=\"https://fast.wistia.net/assets/external/E-v1.js\" async></script>"],"_oembed_time_6973164d6b023c58b47d85193359ad6a":["1527711745"],"_oembed_1c39b98323e6e9f302639e2b798a0ce4":["<iframe src=\"https://fast.wistia.net/embed/iframe/g05543magh?dnt=1\" title=\"Wistia video player\" allowtransparency=\"true\" frameborder=\"0\" scrolling=\"no\" class=\"wistia_embed\" name=\"wistia_embed\" allowfullscreen mozallowfullscreen webkitallowfullscreen oallowfullscreen msallowfullscreen width=\"917\" height=\"516\"></iframe><script src=\"https://fast.wistia.net/assets/external/E-v1.js\" async></script>"],"_oembed_time_1c39b98323e6e9f302639e2b798a0ce4":["1527711746"],"_oembed_46dbc37a804232054748e20f370136b2":["<iframe src=\"https://fast.wistia.net/embed/iframe/g05543magh?dnt=1\" title=\"Wistia video player\" allowtransparency=\"true\" frameborder=\"0\" scrolling=\"no\" class=\"wistia_embed\" name=\"wistia_embed\" allowfullscreen mozallowfullscreen webkitallowfullscreen oallowfullscreen msallowfullscreen width=\"960\" height=\"540\"></iframe><script src=\"https://fast.wistia.net/assets/external/E-v1.js\" async></script>"],"_oembed_time_46dbc37a804232054748e20f370136b2":["1527714945"]},"date":"2018-05-30 19:32:48","date_available":"","days_before_available":0,"drip_method":"","excerpt":"","featured_image":"","free_lesson":"no","has_prerequisite":"no","id":19157,"menu_order":0,"modified":"2018-05-30 21:19:54","name":"set-up-course-pricing-and-access","order":5,"parent_course":19145,"parent_section":19152,"permalink":"https://demo.lifterlms.com/lesson/set-up-course-pricing-and-access/","prerequisite":0,"quiz":{"allowed_attempts":5,"content":"<p>Hold up! I just wanted to give you a simple demonstration of the LifterLMS quiz system.</p>","custom":{"launchpad_default_layout":["content"],"launchpad_hide_page_title":["yes"],"launchpad_hide_page_header":["no"],"launchpad_hide_page_footer_widgets":["no"]},"date":"2018-05-31 15:05:07","excerpt":"","id":19193,"lesson_id":19157,"limit_attempts":"no","limit_time":"no","menu_order":0,"modified":"2018-05-31 15:05:07","name":"set-up-course-pricing-and-access-quiz","passing_percent":0,"permalink":"https://demo.lifterlms.com/quiz/set-up-course-pricing-and-access-quiz/","questions":[{"choices":[{"id":"5b100d235d9f9","choice":"LifterLMS","choice_type":"text","correct":true,"marker":"A","question_id":"19194","type":"choice"},{"id":"5b100d235f271","choice":"Something else","choice_type":"text","correct":false,"marker":"B","question_id":"19194","type":"choice"}],"clarifications":"<p>Really? </p>","clarifications_enabled":"yes","content":"","description_enabled":"no","id":19194,"image":[],"menu_order":1,"multi_choices":"no","name":"19194","parent_id":19193,"permalink":"https://demo.lifterlms.com/llms_question/19194/","points":1,"question":"","question_type":"choice","title":"What is the best WordPress LMS?","type":"llms_question","video_enabled":"no","video_src":""}],"random_questions":"no","show_correct_answer":"no","status":"publish","time_limit":30,"title":"Set Up Course Pricing And Access Quiz","type":"llms_quiz"},"quiz_enabled":"yes","require_assignment_passing_grade":"yes","require_passing_grade":"yes","status":"publish","time_available":"","title":"Set Up Course Pricing And Access","type":"lesson","video_embed":""}],"menu_order":0,"modified":"2018-05-30 19:30:18","name":"19152","order":2,"parent_course":19145,"status":"publish","title":"Create Your Course","type":"section"},{"content":"","custom":[],"date":"2018-05-30 19:32:48","excerpt":"","id":19158,"lessons":[{"audio_embed":"","content":"https://gocodebox.wistia.com/medias/d474d8qnyg\r\n\r\n<h3 style=\"text-align: center;\">Lesson Resources</h3>\r\n<a href=\"https://lifterlms.com\">LifterLMS Website</a>\r\n<a href=\"https://lifterlms.com/store/\">LifterLMS Add-ons</a>\r\n<a href=\"https://lifterlms.com/product-category/bundles/\">Upgrade to a Bundle</a>\r\n<a href=\"https://lifterlms.com/try/\">Test Premium Add-ons Before You Buy with Your Very Own Demo Site</a>\r\n<a href=\"https://lifterlms.com/docs/\">LifterLMS Documentation</a>\r\n<a href=\"https://lifterlms.com/help/\">Contact LifterLMS</a>","custom":{"_wp_old_slug":["new-lesson"],"_llms_reviews_enabled":[""],"_llms_display_reviews":[""],"_llms_num_reviews":["0"],"_llms_multiple_reviews_disabled":[""],"wpf-settings":["a:4:{s:8:\"redirect\";s:0:\"\";s:12:\"redirect_url\";s:0:\"\";s:11:\"apply_delay\";s:1:\"0\";s:12:\"lock_content\";i:0;}"],"course_options":[""],"launchpad_course_excerpt":[""],"layout_options":[""],"launchpad_page_menu":["default"],"launchpad_hide_page_title":["no"],"launchpad_hide_page_header":["no"],"launchpad_hide_page_footer_widgets":["no"],"launchpad_default_layout":["content_sidebar"],"launchpad_header_content":[""],"_oembed_8873a1e75439bc8f0a22e932159892c2":["<iframe src=\"https://fast.wistia.net/embed/iframe/d474d8qnyg?dnt=1\" title=\"Wistia video player\" allowtransparency=\"true\" frameborder=\"0\" scrolling=\"no\" class=\"wistia_embed\" name=\"wistia_embed\" allowfullscreen mozallowfullscreen webkitallowfullscreen oallowfullscreen msallowfullscreen width=\"913\" height=\"514\"></iframe><script src=\"https://fast.wistia.net/assets/external/E-v1.js\" async></script>"],"_oembed_time_8873a1e75439bc8f0a22e932159892c2":["1527711835"],"_oembed_2e6fc0b6f77f51af4eb0ab8f4a436407":["<iframe src=\"https://fast.wistia.net/embed/iframe/d474d8qnyg?dnt=1\" title=\"Wistia video player\" allowtransparency=\"true\" frameborder=\"0\" scrolling=\"no\" class=\"wistia_embed\" name=\"wistia_embed\" allowfullscreen mozallowfullscreen webkitallowfullscreen oallowfullscreen msallowfullscreen width=\"500\" height=\"281\"></iframe><script src=\"https://fast.wistia.net/assets/external/E-v1.js\" async></script>"],"_oembed_time_2e6fc0b6f77f51af4eb0ab8f4a436407":["1527711838"],"_oembed_8bf9501dd79793cef3a3e17f738e50bc":["<iframe src=\"https://fast.wistia.net/embed/iframe/d474d8qnyg?dnt=1\" title=\"Wistia video player\" allowtransparency=\"true\" frameborder=\"0\" scrolling=\"no\" class=\"wistia_embed\" name=\"wistia_embed\" allowfullscreen mozallowfullscreen webkitallowfullscreen oallowfullscreen msallowfullscreen width=\"917\" height=\"516\"></iframe><script src=\"https://fast.wistia.net/assets/external/E-v1.js\" async></script>"],"_oembed_time_8bf9501dd79793cef3a3e17f738e50bc":["1527711839"],"_oembed_538fd91ada8e59b3c6fe118929e768fa":["<iframe src=\"https://fast.wistia.net/embed/iframe/d474d8qnyg?dnt=1\" title=\"Wistia video player\" allowtransparency=\"true\" frameborder=\"0\" scrolling=\"no\" class=\"wistia_embed\" name=\"wistia_embed\" allowfullscreen mozallowfullscreen webkitallowfullscreen oallowfullscreen msallowfullscreen width=\"960\" height=\"540\"></iframe><script src=\"https://fast.wistia.net/assets/external/E-v1.js\" async></script>"],"_oembed_time_538fd91ada8e59b3c6fe118929e768fa":["1527714948"]},"date":"2018-05-30 19:32:48","date_available":"","days_before_available":0,"drip_method":"","excerpt":"","featured_image":"","free_lesson":"no","has_prerequisite":"no","id":19159,"menu_order":0,"modified":"2018-05-30 21:19:47","name":"admire-your-course","order":1,"parent_course":19145,"parent_section":19158,"permalink":"https://demo.lifterlms.com/lesson/admire-your-course/","prerequisite":0,"quiz":0,"quiz_enabled":"no","require_assignment_passing_grade":"yes","require_passing_grade":"yes","status":"publish","time_available":"","title":"Admire Your Course","type":"lesson","video_embed":""},{"audio_embed":"","content":"https://gocodebox.wistia.com/medias/9otjp9ms8q\r\n\r\n<h3 style=\"text-align: center;\">Lesson Resources</h3>\r\n<a href=\"https://lifterlms.com\">LifterLMS Website</a>\r\n<a href=\"https://lifterlms.com/store/\">LifterLMS Add-ons</a>\r\n<a href=\"https://lifterlms.com/product-category/bundles/\">Upgrade to a Bundle</a>\r\n<a href=\"https://lifterlms.com/try/\">Test Premium Add-ons Before You Buy with Your Very Own Demo Site</a>\r\n<a href=\"https://lifterlms.com/docs/\">LifterLMS Documentation</a>\r\n<a href=\"https://lifterlms.com/help/\">Contact LifterLMS</a>","custom":{"_wp_old_slug":["new-lesson"],"_llms_reviews_enabled":[""],"_llms_display_reviews":[""],"_llms_num_reviews":["0"],"_llms_multiple_reviews_disabled":[""],"wpf-settings":["a:4:{s:8:\"redirect\";s:0:\"\";s:12:\"redirect_url\";s:0:\"\";s:11:\"apply_delay\";s:1:\"0\";s:12:\"lock_content\";i:0;}"],"course_options":[""],"launchpad_course_excerpt":[""],"layout_options":[""],"launchpad_page_menu":["default"],"launchpad_hide_page_title":["no"],"launchpad_hide_page_header":["no"],"launchpad_hide_page_footer_widgets":["no"],"launchpad_default_layout":["content_sidebar"],"launchpad_header_content":[""],"_oembed_181175ed9e433432f008b3fb4d4adf50":["<iframe src=\"https://fast.wistia.net/embed/iframe/9otjp9ms8q?dnt=1\" title=\"Wistia video player\" allowtransparency=\"true\" frameborder=\"0\" scrolling=\"no\" class=\"wistia_embed\" name=\"wistia_embed\" allowfullscreen mozallowfullscreen webkitallowfullscreen oallowfullscreen msallowfullscreen width=\"913\" height=\"514\"></iframe><script src=\"https://fast.wistia.net/assets/external/E-v1.js\" async></script>"],"_oembed_time_181175ed9e433432f008b3fb4d4adf50":["1527711911"],"_oembed_ee8e9d6ffe195ab2fe36f8fb16a2ad39":["<iframe src=\"https://fast.wistia.net/embed/iframe/9otjp9ms8q?dnt=1\" title=\"Wistia video player\" allowtransparency=\"true\" frameborder=\"0\" scrolling=\"no\" class=\"wistia_embed\" name=\"wistia_embed\" allowfullscreen mozallowfullscreen webkitallowfullscreen oallowfullscreen msallowfullscreen width=\"500\" height=\"281\"></iframe><script src=\"https://fast.wistia.net/assets/external/E-v1.js\" async></script>"],"_oembed_time_ee8e9d6ffe195ab2fe36f8fb16a2ad39":["1527711915"],"_oembed_76e3892eef1f48a774a85c64b720f6ce":["<iframe src=\"https://fast.wistia.net/embed/iframe/9otjp9ms8q?dnt=1\" title=\"Wistia video player\" allowtransparency=\"true\" frameborder=\"0\" scrolling=\"no\" class=\"wistia_embed\" name=\"wistia_embed\" allowfullscreen mozallowfullscreen webkitallowfullscreen oallowfullscreen msallowfullscreen width=\"917\" height=\"516\"></iframe><script src=\"https://fast.wistia.net/assets/external/E-v1.js\" async></script>"],"_oembed_time_76e3892eef1f48a774a85c64b720f6ce":["1527711915"],"_oembed_eb6d9f448075e3e78fae7a6a72f7d134":["<iframe src=\"https://fast.wistia.net/embed/iframe/9otjp9ms8q?dnt=1\" title=\"Wistia video player\" allowtransparency=\"true\" frameborder=\"0\" scrolling=\"no\" class=\"wistia_embed\" name=\"wistia_embed\" allowfullscreen mozallowfullscreen webkitallowfullscreen oallowfullscreen msallowfullscreen width=\"960\" height=\"540\"></iframe><script src=\"https://fast.wistia.net/assets/external/E-v1.js\" async></script>"],"_oembed_time_eb6d9f448075e3e78fae7a6a72f7d134":["1527714949"]},"date":"2018-05-30 19:33:03","date_available":"","days_before_available":0,"drip_method":"","excerpt":"","featured_image":"","free_lesson":"no","has_prerequisite":"no","id":19160,"menu_order":0,"modified":"2018-05-30 21:19:40","name":"start-course-marketing","order":2,"parent_course":19145,"parent_section":19158,"permalink":"https://demo.lifterlms.com/lesson/start-course-marketing/","prerequisite":0,"quiz":0,"quiz_enabled":"no","require_assignment_passing_grade":"yes","require_passing_grade":"yes","status":"publish","time_available":"","title":"Start Course Marketing","type":"lesson","video_embed":""}],"menu_order":0,"modified":"2018-05-30 19:32:48","name":"19158","order":3,"parent_course":19145,"status":"publish","title":"Launch Your Course","type":"section"},{"content":"","custom":[],"date":"2018-05-30 19:33:52","excerpt":"","id":19162,"lessons":[{"audio_embed":"","content":"https://gocodebox.wistia.com/medias/2kbpbs1ao0\r\n\r\n<h3 style=\"text-align: center;\">Lesson Resources</h3>\r\n<a href=\"https://lifterlms.com\">LifterLMS Website</a>\r\n<a href=\"https://lifterlms.com/store/\">LifterLMS Add-ons</a>\r\n<a href=\"https://lifterlms.com/product-category/bundles/\">Upgrade to a Bundle</a>\r\n<a href=\"https://lifterlms.com/try/\">Test Premium Add-ons Before You Buy with Your Very Own Demo Site</a>\r\n<a href=\"https://lifterlms.com/docs/\">LifterLMS Documentation</a>\r\n<a href=\"https://lifterlms.com/help/\">Contact LifterLMS</a>","custom":{"_oembed_10fe58e242759c79b27dcb1e9c945161":["<iframe src=\"https://fast.wistia.net/embed/iframe/2kbpbs1ao0?dnt=1\" title=\"Wistia video player\" allowtransparency=\"true\" frameborder=\"0\" scrolling=\"no\" class=\"wistia_embed\" name=\"wistia_embed\" allowfullscreen mozallowfullscreen webkitallowfullscreen oallowfullscreen msallowfullscreen width=\"913\" height=\"514\"></iframe><script src=\"https://fast.wistia.net/assets/external/E-v1.js\" async></script>"],"_oembed_time_10fe58e242759c79b27dcb1e9c945161":["1527710928"],"_llms_reviews_enabled":[""],"_llms_display_reviews":[""],"_llms_num_reviews":["0"],"_llms_multiple_reviews_disabled":[""],"wpf-settings":["a:4:{s:8:\"redirect\";s:0:\"\";s:12:\"redirect_url\";s:0:\"\";s:11:\"apply_delay\";s:1:\"0\";s:12:\"lock_content\";i:0;}"],"course_options":[""],"launchpad_course_excerpt":[""],"layout_options":[""],"launchpad_page_menu":["default"],"launchpad_hide_page_title":["no"],"launchpad_hide_page_header":["no"],"launchpad_hide_page_footer_widgets":["no"],"launchpad_default_layout":["content_sidebar"],"launchpad_header_content":[""],"_oembed_a9069eeaff35f53a88e4af282ebbb267":["<iframe src=\"https://fast.wistia.net/embed/iframe/2kbpbs1ao0?dnt=1\" title=\"Wistia video player\" allowtransparency=\"true\" frameborder=\"0\" scrolling=\"no\" class=\"wistia_embed\" name=\"wistia_embed\" allowfullscreen mozallowfullscreen webkitallowfullscreen oallowfullscreen msallowfullscreen width=\"500\" height=\"281\"></iframe><script src=\"https://fast.wistia.net/assets/external/E-v1.js\" async></script>"],"_oembed_time_a9069eeaff35f53a88e4af282ebbb267":["1527710940"],"_oembed_b76ce23312a45eb8dbabb80d00b22d3a":["<iframe src=\"https://fast.wistia.net/embed/iframe/2kbpbs1ao0?dnt=1\" title=\"Wistia video player\" allowtransparency=\"true\" frameborder=\"0\" scrolling=\"no\" class=\"wistia_embed\" name=\"wistia_embed\" allowfullscreen mozallowfullscreen webkitallowfullscreen oallowfullscreen msallowfullscreen width=\"917\" height=\"516\"></iframe><script src=\"https://fast.wistia.net/assets/external/E-v1.js\" async></script>"],"_oembed_time_b76ce23312a45eb8dbabb80d00b22d3a":["1527710940"],"_oembed_605997120f6d4de872900b8373973d9f":["<iframe src=\"https://fast.wistia.net/embed/iframe/2kbpbs1ao0?dnt=1\" title=\"Wistia video player\" allowtransparency=\"true\" frameborder=\"0\" scrolling=\"no\" class=\"wistia_embed\" name=\"wistia_embed\" allowfullscreen mozallowfullscreen webkitallowfullscreen oallowfullscreen msallowfullscreen width=\"960\" height=\"540\"></iframe><script src=\"https://fast.wistia.net/assets/external/E-v1.js\" async></script>"],"_oembed_time_605997120f6d4de872900b8373973d9f":["1527710942"]},"date":"2018-05-30 19:34:05","date_available":"","days_before_available":0,"drip_method":"","excerpt":"","featured_image":"","free_lesson":"no","has_prerequisite":"no","id":19163,"menu_order":0,"modified":"2018-05-30 21:19:31","name":"where-to-go-from-here-2","order":1,"parent_course":19145,"parent_section":19162,"permalink":"https://demo.lifterlms.com/lesson/where-to-go-from-here-2/","prerequisite":0,"quiz":0,"quiz_enabled":"no","require_assignment_passing_grade":"yes","require_passing_grade":"yes","status":"publish","time_available":"","title":"Where To Go From Here","type":"lesson","video_embed":""}],"menu_order":0,"modified":"2018-05-30 19:33:52","name":"19162","order":4,"parent_course":19145,"status":"publish","title":"Next Steps","type":"section"}],"start_date":"","status":"publish","tags":[],"temp_calc_data":{"students":100,"progress":3123.03,"quizzes":21,"grade":2100},"tile_featured_video":"no","time_period":"no","title":"The Official Quickstart Course for LifterLMS","tracks":[],"type":"course","video_embed":""}
